{
    "version": "5.3.2.v202409051351",
    "created": "2024-10-26 18:37",
    "nodestats": {
        "nodes": [
        ],
        "metaNodes": {
        },
        "wrappedNodes": {
        },
        "createdVia": {
        }
    },
    "uptime": 60046,
    "workflowsOpened": 0,
    "remoteWorkflowsOpened": 0,
    "columnarStorageWorkflowsOpened": 0,
    "workflowsImported": 0,
    "workflowsExported": 0,
    "webUIPerspectiveSwitches": 0,
    "javaUIPerspectiveSwitches": 0,
    "lastUsedPerspective": "none (classic)",
    "launches": 1,
    "lastApplicationID": "org.knime.product.KNIME_APPLICATION",
    "timeSinceLastStart": 60046,
    "crashes": 0,
    "properlyShutDown": true
}